{"cameraMode":{"drawMode":0,"name":"Shaded","section":"Shading Mode"},"sceneLighting":true,"audioPlay":false,"sceneViewState":{"showFog":true,"showMaterialUpdate":false,"showSkybox":true,"showFlares":true,"showImageEffects":true,"showParticleSystems":true},"in2DMode":false,"pivot":{"x":-10.260987281799317,"y":-0.9394958019256592,"z":0.11321067810058594},"rotation":{"x":-0.058322321623563769,"y":-0.6479504704475403,"z":0.04986649379134178,"w":-0.7578175663948059},"size":4.6416215896606449,"orthographic":false}